,dairy_produce,aquatic_produce,fruit_produce,meat_produce,vegetable_produce,all_trade,GDP,avg_GDP,vacc_rate,freight,inflation,death_rate,Asia,Africa,North_America,South_America,Europe,Oceania,pandemic * FTA
sum,9733.515985589871,6417.0884553060205,4559.558152978783,6173.575837663544,4024.458446741515,11901.657438446427,18823.6434546147,6907.43798970813,20946.307000000004,15954.334995341136,5150.1166042162395,1.8263298013219997,170.0,172.0,117.0,45.0,181.0,81.0,52.0
mean,12.7069399289685,8.377400072201072,5.952425787178568,8.059498482589483,5.253862202012422,15.537411799538416,24.5739470686876,9.017543067504086,27.34504830287207,20.82811357094143,6.723389822736605,0.0023842425604725845,0.22193211488250653,0.2245430809399478,0.15274151436031333,0.0587467362924282,0.2362924281984334,0.10574412532637076,0.06788511749347259
median,14.434779287733186,11.698364395163498,0.0,11.703238812317945,0.0,15.355047616523295,24.575803559864646,9.019026608115736,0.0795,20.457588981447174,3.44527766461135,7.772545e-05,0.0,0.0,0.0,0.0,0.0,0.0,0.0
std,6.0629687646580415,6.861177400575274,7.103053498166908,7.713657526398948,6.640322653916542,2.6408342275099184,2.3362074913265527,1.3246937245510662,33.316262017556845,14.819958477241464,20.281255167746203,0.03740647944022113,0.41581723686080074,0.4175537068948222,0.3599732067368648,0.23530371659118085,0.42508141549449124,0.3077107670230499,0.2517130171324228
min,0.0,0.0,0.0,0.0,0.0,7.975441240772982,17.761869177603177,6.071601498794396,0.0,0.059084396798764,-3.2333893398333,0.0,0.0,0.0,0.0,0.0,0.0,0.0,0.0
max,22.369587758666736,19.923515671997272,20.16078819277242,21.68775757820611,18.130973881182165,22.9034970476943,30.5148036227023,11.803441974876037,100.0,82.74310568843123,359.093040778999,1.02,1.0,1.0,1.0,1.0,1.0,1.0,1.0
